{"cameraMode":{"drawMode":0,"name":"Shaded","section":"Shading Mode"},"sceneLighting":true,"audioPlay":false,"sceneViewState":{"m_AlwaysRefresh":false,"showFog":true,"showSkybox":true,"showFlares":true,"showImageEffects":true,"showParticleSystems":true,"showVisualEffectGraphs":true,"m_FxEnabled":true},"in2DMode":false,"pivot":{"x":1.3703560829162598,"y":-0.5705232620239258,"z":-0.9885976910591126},"rotation":{"x":-0.060443323105573657,"y":-0.9256506562232971,"z":0.16512431204319,"w":-0.33571699261665347},"size":1.5064469575881959,"orthographic":false}