{"cameraMode":{"drawMode":0,"name":"Shaded","section":"Shading Mode"},"sceneLighting":true,"audioPlay":false,"sceneViewState":{"m_AlwaysRefresh":false,"showFog":true,"showSkybox":true,"showFlares":true,"showImageEffects":true,"showParticleSystems":true,"showVisualEffectGraphs":true,"m_FxEnabled":true},"in2DMode":false,"pivot":{"x":1.970832347869873,"y":-1.24491286277771,"z":16.18431282043457},"rotation":{"x":-0.32051533460617068,"y":-0.055285073816776279,"z":0.017954859882593156,"w":-0.9457285404205322},"size":5.5666422843933109,"orthographic":false}